Machine,Temps ouverture (heures),Arret planifie (heures),Duree de panne (heures),Ecart de cadence (heures),Nombre de piece bonne,Cadence de production (piees/minute)
M1,15,1.1569609864909038,1.0997631640785344,0.6626744354920677,757,60
M2,15,1.2110350411889388,0.8550251434899686,0.31759212361771916,695,51
M3,15,2.1365471801262603,1.071864620857673,0.42960754103175136,872,64
M4,16,1.3597289590206019,1.1908783871031696,0.40981229558303256,653,53
M1,16,1.5408073528317916,0.6302237391650461,0.18019979994646218,648,51
M2,17,1.7604524535071029,1.2012093543125881,0.2357395651121717,684,63
M3,16,1.5037460662046505,0.9089482398899024,0.6213279830626032,665,62
M4,16,1.478812592831623,0.5919471753634141,0.5535722872877734,715,57
M1,17,2.133956718450772,1.2257877530919203,0.616821429876147,887,57
M2,15,1.7578467804518905,0.8548075089528252,0.6392817264979721,876,60
M3,17,1.9074787461648604,0.7935752812486356,0.3331420404919246,826,55
M4,16,1.225229182260449,0.6638079204090038,0.5801617732577039,797,50
M1,16,1.1113944218940355,1.4178545893552492,0.5019684134405488,686,55
M2,15,1.1571172928758005,0.7285996543625529,0.4989402893023982,618,60
M3,15,1.8562495332738687,1.3401627482260148,0.5346190376018013,831,58
M4,17,1.334332578702673,0.8473818120121138,0.5368087477891756,716,63
M1,17,2.049507860041774,1.1201382826038953,0.16498665180522168,857,51
M2,17,1.7038220143275322,1.2170666596773638,0.5043639029608632,816,59
M3,15,2.3154677751029737,0.8676333240720767,0.5321846667823185,852,58
M4,15,2.357756770678467,1.304720843700955,0.33862929470431047,762,51
M1,16,1.67675238974685,0.9687550152913891,0.3548310355818587,799,61
M2,16,2.150147588177476,1.2577099884299123,0.1377748208879893,819,52
M3,15,2.0008663190269873,1.2019282006086098,0.20294372979172215,840,62
M4,15,1.2847523347025245,1.3406625613047263,0.5550792023748699,817,50
M1,17,1.600198379576467,1.384182001683763,0.19426989297846844,753,52
M2,17,1.5709974619868283,0.8262209963173244,0.4556153106541534,722,59
M3,15,1.7328128410809993,1.415564329725804,0.5201446656702449,715,57
M4,15,1.4529590411725244,1.396797487888144,0.49559208792759524,765,52
M1,15,1.0049326256330198,0.6184047286250601,0.25429125958933935,731,55
M2,17,1.142749209364119,1.3808011266341382,0.4049255213265678,851,55
M3,16,2.0387827192226093,1.3054697717276391,0.372898643943843,612,61
M4,17,2.4365268278032612,1.295913701861467,0.2767924472268412,849,56
M1,16,1.0845182781487075,0.7048493093120012,0.4230776883011228,611,54
M2,17,1.3636034723899937,0.852788200693681,0.3423605182062942,667,50
M3,16,2.41361916760797,0.7929281279060959,0.4664808651512167,752,58
M4,16,1.6329930939075634,1.2001042301690688,0.33005722458539244,851,62
M1,17,2.269231622823181,0.5950244286066518,0.6181711638688905,728,58
M2,17,1.7049854448370645,0.6464099147692203,0.35702247863985026,669,54
M3,16,1.659306535881438,0.9376891331531356,0.5536340340037195,781,60
M4,17,2.4478651454233367,0.9119455623568615,0.4966145448440633,804,59
M1,16,1.4866717927099322,1.0704349737207801,0.37376877776220074,835,56
M2,17,1.885511310995832,0.7823693099868725,0.3095332693274643,843,58
M3,15,1.1504241953914822,1.0562995516320126,0.6312003917520489,843,60
M4,17,1.1541540509227788,0.6011320289448777,0.6827727489081542,718,55
M1,15,2.2523643603637122,1.2592898183203332,0.37332039769989045,720,62
M2,16,1.032670200728204,1.4377090591631958,0.36333733581633665,897,51
M3,17,2.368416638329753,1.2633928484988992,0.31066847787706875,698,50
M4,16,2.364005514437629,1.4050275246876203,0.4845336685785272,627,56
M1,16,2.183505090361792,1.1412202621799161,0.6769516827919329,796,64
M2,15,2.331655693965856,0.5533756113914592,0.2037484486453758,808,63
M3,15,2.2556323171597352,0.5783329482390893,0.6122243438481315,741,56
M4,17,1.3660448763808928,0.6378488427121333,0.17156476088731182,662,59
M1,16,1.8699115863420275,0.6969185145738792,0.5136792329874126,661,57
M2,16,1.8463520360204773,0.9759924026323177,0.37206915774905414,748,58
M3,17,1.2873625313347283,1.0808922840265756,0.5114259910561159,883,59
M4,17,1.9334356353478186,0.8285445790724997,0.2650244898171829,890,63
M1,16,2.258327634103544,0.9892544766890649,0.6983353904567026,657,62
M2,15,2.4265145939656376,0.9659105484659577,0.4188400512413881,657,63
M3,15,2.152264272483659,0.673401166781517,0.3345719056942483,782,51
M4,16,1.2996075814942583,0.8482836221350116,0.6431321568543978,643,51
M1,15,1.35019376848089,1.090933496715564,0.5993704283999475,773,61
M2,16,1.6910148559657792,1.1575233382060175,0.6325876053733746,614,62
M3,16,1.274311837697248,0.7691615235476529,0.6432126102174226,731,56
M4,17,2.0498184439952816,0.8739138924622372,0.14512376815511602,654,63
M1,17,2.4989463932212472,1.4664771303918542,0.2753370553292515,646,59
M2,16,2.3204236065764006,0.9406574904667825,0.6819868087328618,875,59
M3,17,1.8311252050928155,0.7862474310135095,0.3731367871803525,726,55
M4,17,2.12116964270854,1.4856403612739653,0.50895100325135,896,63
M1,16,2.0467840069393293,1.3352587726679568,0.6332494020247116,849,59
M2,16,1.9063701944129963,1.3854418982735806,0.5057828952588851,739,53
M3,15,1.1190710126650747,0.7910486907005408,0.3565966552323363,698,62
M4,17,1.6776631666228816,1.1573340183659537,0.14188078625722045,893,51
M1,15,1.4470330235785396,0.8739197614026979,0.44368890077319045,821,53
M2,17,2.234060520193321,1.0056365149279942,0.5393020947458675,831,60
M3,15,1.6383118114215618,0.519222434975372,0.3540107643271103,847,58
M4,17,1.0870067817339448,1.0589150369516065,0.39208645070754566,862,55
M1,17,2.3874733244876167,1.0015847271522877,0.676940932720744,823,52
M2,16,1.2470005964051905,1.0565302727525359,0.30280364214053535,644,62
M3,15,1.3194112747084183,1.3181331033152142,0.6597937982006215,882,54
M4,17,1.6469596683193477,0.9517430057664045,0.6208800808661877,885,61
M1,17,1.0167214988386584,1.1342553360539043,0.5887956706250058,777,51
M2,16,1.1549804225085145,0.7905363520445379,0.1614251824204542,846,58
M3,15,1.2150716233852892,0.9912124231900118,0.5044878009711161,832,60
M4,16,1.150070357967992,1.2335920196077454,0.13145092880911055,765,64
M1,16,1.2304287529279967,0.6820016184806261,0.45530678774609346,685,50
M2,17,1.6947720081820403,1.3173957656448019,0.6510070284292868,653,59
M3,15,1.2277865966968318,1.3257650453945098,0.32031619518666604,707,54
M4,17,1.492822065843196,0.9015773494078033,0.40007654122832104,601,62
M1,17,2.171679465854913,0.5510468535880599,0.5578483215314385,720,64
M2,17,1.5186443961725882,1.1683851485255143,0.3541740866975934,869,58
M3,17,1.929787160932233,1.0510275942165248,0.572682002160443,665,59
M4,16,1.2281661004968711,0.7438427496788925,0.5982797701381186,783,61
M1,15,1.5527957762443871,1.1001447073094566,0.19236395355839397,847,50
M2,16,2.291559402905384,0.9250283717928477,0.4983934713331335,786,60
M3,15,1.1156767613069136,0.6538169547525925,0.10257311381475676,875,64
M4,15,2.3862543921756356,1.1743566327549975,0.4859238133686591,871,55
M1,16,2.255097972176429,1.2673311241689795,0.15348693312420025,742,56
M2,16,1.648067638365315,0.5327501421751295,0.4281337045097773,788,62
M3,15,1.3125298716086544,0.8303247996922489,0.4578023490555094,835,51
M4,16,1.4122939130036398,0.5524646915724745,0.6444873305718513,681,62
M1,15,1.7897119801022447,0.6623735809886532,0.1973248967324558,799,56
M2,15,1.569283866120163,0.9830537450525543,0.48477883120921184,656,50
M3,15,2.1037987688003223,0.5169260797085363,0.6691089650966219,873,63
M4,16,2.140452166103767,0.7921575298440962,0.34742708720564053,796,61
M1,17,1.1943386094094797,1.4255361774497288,0.4539093334689015,731,57
M2,17,1.1982432085455084,0.8128490797278359,0.21172355476954047,651,52
M3,17,2.411033307742086,0.5430518782066908,0.1854644080599958,806,57
M4,17,1.2587677425407484,0.8612945282589353,0.17392500473481648,792,57
M1,15,1.7892262294289183,1.279855494517137,0.29359633197433493,885,56
M2,15,1.3020077058439319,0.8762364699257925,0.41929049289936504,869,52
M3,16,1.121017098664191,1.2614287723764863,0.5237571026434181,616,62
M4,16,1.1765854134396272,1.019125727014376,0.38138800427716824,664,53
M1,17,1.17803255045458,1.435939398464546,0.4891989850448961,843,52
M2,15,1.9467958134343752,1.269547795162985,0.6270392463343276,839,55
M3,17,1.2908776749290076,1.146930638643059,0.6737260942110712,713,53
M4,15,2.444386360478849,0.5403604796676504,0.6619091294116187,655,55
M1,17,1.0513359042886237,1.0018681315311544,0.6009876072771478,828,51
M2,16,1.097153487477803,1.2595251160432956,0.6933989889396732,609,64
M3,15,1.946508303849791,0.5528625885083419,0.2690461091307764,659,54
M4,17,1.9966441901292908,1.098326320726483,0.3335125546942458,753,60
M1,16,2.019139630013297,1.420022357862622,0.6422313152374493,614,50
M2,17,2.0853009414184003,0.6260249092221988,0.24539327798449234,836,52
M3,17,2.058611458641994,0.5202599877533785,0.3803490199074443,865,61
M4,16,1.1474531156983099,1.392218251580001,0.31293308944744375,738,51
M1,16,2.3242027152793856,0.7009125353534329,0.3861194191069739,650,55
M2,15,2.1171080114695626,0.6408253890746709,0.5793453908361972,626,63
M3,15,1.3076082850452633,1.1782188891476473,0.6448141092826273,674,59
M4,16,1.5819000806155432,1.0832250056039125,0.26567353465759525,839,53
M1,16,1.1500477901958264,0.9302095634760074,0.5653443994189183,705,64
M2,15,1.2177823089321653,0.7504427269573903,0.6017096955210341,637,54
M3,16,1.3629805531332626,0.5683030305869687,0.2640272812852403,682,56
M4,16,2.4051060328750293,0.9690301949381666,0.5092420917653478,715,55
M1,17,1.3102106747917415,1.4763016625510366,0.17156115051053988,600,57
M2,17,1.688435783682063,0.5639514250445175,0.5812403713180624,667,59
M3,15,1.0939665238523992,1.203184448178435,0.27925982722341325,773,50
M4,15,2.3341276010220553,0.7672913334046969,0.21720502466940284,672,51
M1,17,1.0354977946219002,0.6874106981838866,0.4933375209350267,755,50
M2,17,1.1073970078777808,0.8499003589339874,0.6012066953369523,693,60
M3,15,1.673444858187134,1.2396865903985508,0.42952180795631356,601,54
M4,16,1.6523482077941223,0.7313109414944108,0.5073014191034009,709,58
M1,16,2.2063413978724036,0.6881277519514492,0.13411697387553356,766,50
M2,17,1.757982823776817,1.2306904346002567,0.41313977803688184,644,63
M3,17,2.343044363223827,0.5255643325329918,0.301773318884351,868,55
M4,17,2.1910841964202676,1.4295361165836553,0.33458407422410075,701,61
M1,16,1.016216129799415,1.4375101026818191,0.3604068337178786,822,58
M2,16,1.6734129467481944,1.4293121909489592,0.5989159902800514,725,50
M3,17,1.7088110880651826,0.8938713973309032,0.6245140392455831,704,58
M4,16,1.228129162446044,0.6686963606276698,0.42250019529727134,807,55
M1,15,1.9524368422526335,0.9965243552501691,0.42697419505724066,722,50
M2,16,2.1240494556086897,0.5356283365122906,0.433523106102195,799,61
M3,16,1.6526283612438033,1.2324624501449795,0.6494066182019298,826,58
M4,16,1.7298191233703517,1.0218894904138216,0.37988437795628915,612,55
M1,17,2.168091617973385,0.9618322225428464,0.25741549060176505,807,63
M2,15,1.9959004403393557,0.5918079511707867,0.2773233450283147,760,57
M3,16,1.6196166285221694,0.5415858017532338,0.24672957720397318,750,52
M4,16,1.2885421958361127,0.9541208143856235,0.27075704038685633,792,60
M1,16,1.0614314424125753,1.0531276646591197,0.2826522689103024,660,59
M2,15,2.4557089811107993,0.5552289380278607,0.21891767752897445,808,50
M3,15,1.8555656152879263,0.6098267606080495,0.41235858042853357,654,55
M4,15,1.319343880074371,1.2502400288317186,0.475756286964198,801,57
M1,16,1.667516016983513,0.7674695779286614,0.44329184494205986,887,57
M2,15,1.5198274000809409,1.1007531851450771,0.5939053867618026,898,57
M3,17,1.735544572793289,0.9971011981471888,0.24428478671368672,757,63
M4,15,1.2388503555570491,1.42688154039232,0.3958399066699797,642,50
M1,17,2.033259229742661,0.8682853396594025,0.6782374682076275,769,63
M2,15,1.958124320257467,1.0293016486169604,0.10716085399819918,652,54
M3,17,2.0672123277270336,1.4502975977547579,0.611879940564137,716,57
M4,15,1.2353506745412048,1.2445972483869574,0.19845716396270022,785,63
M1,16,2.0834539214411825,0.8214967721104487,0.24640994328039606,847,59
M2,16,2.3977334417947564,0.5542347799014762,0.26557533458999394,829,56
M3,16,2.2479858526982923,1.283310523391672,0.5071375964492383,850,57
M4,17,1.350452894095953,1.457458010383432,0.22219302144295183,809,63
M1,17,1.3816092707073897,1.3685771491925776,0.6385691828173322,603,50
M2,15,2.3527360752936697,0.6893968989532155,0.18413832986605067,679,61
M3,16,1.4593877254504954,0.6395012461185721,0.6631039726478531,645,54
M4,16,1.4552965296075207,0.8544591043594234,0.5774625477055827,819,53
M1,15,1.9315297292350064,0.6314158731757323,0.17526213460817147,793,54
M2,15,2.178955155687091,0.7114473547286229,0.5266713849935034,720,62
M3,15,2.1434793347963677,1.1887488414312801,0.5704531781482284,821,62
M4,16,1.2504935204967413,0.7089955194670406,0.6681909473296559,837,53
M1,17,2.2819419454403516,1.0539720794283856,0.17359290319379128,617,56
M2,16,2.1751584309780747,1.1223242065054237,0.26324755408661904,800,53
M3,16,1.875690244471673,1.274533727579983,0.11161768759698065,851,60
M4,16,2.187943639145992,0.5807489310319148,0.3660375637475076,822,53
M1,16,1.0704015554427115,1.4507432035832575,0.16617960907211493,602,60
M2,16,1.0971473621465202,0.9222007662189957,0.589780468622746,634,55
M3,15,2.445260541614628,0.8401161616489768,0.3872114423474252,732,62
M4,17,1.1133218678646624,1.0783147338475172,0.26588259268301034,655,52
M1,15,1.1952653936250415,0.5910529953067067,0.6075012407380854,675,63
M2,15,2.0526319101364185,1.2153704852918505,0.12296698716458306,738,62
M3,15,1.4740982197448147,0.7405558173214327,0.42179890868931946,670,62
M4,17,2.0771620567123383,0.7301684131975439,0.5217198590074041,870,64
M1,17,2.266088019661782,0.6764586705969295,0.24550331653900265,712,51
M2,17,1.1021933110713733,1.2713081278226608,0.5415848493749814,624,60
M3,16,1.2745905693040631,1.430156616023818,0.5545151644039383,637,51
M4,16,2.058663280528287,0.7373609524397162,0.15141425280346685,746,51
M1,15,1.511696983676533,0.5458306930307046,0.4566576366185726,648,56
M2,17,1.4306755932588484,0.7299450352799067,0.1288521381856614,664,63
M3,16,2.2617346225299952,0.5921626796827578,0.3313635495956169,677,53
M4,16,2.490145705940607,1.2864023645251192,0.5479525074409732,887,58
M1,16,1.843292203790945,0.6310951204781714,0.32338972493497214,714,57
M2,15,1.0614840086944937,0.8240223111358059,0.6851967727656446,873,59
M3,17,2.042837560440047,0.8352914200985201,0.5314789632929425,729,64
M4,16,2.130895020944061,0.9001550000416015,0.13628597502736114,671,50
M1,16,2.171675997254011,1.094408530792523,0.3887025258844209,682,54
M2,17,2.323153301924215,0.9872084029589181,0.6609489652343599,603,62
M3,15,1.932003674229986,0.5382502780494114,0.6103173312237873,642,52
M4,16,2.0861148405508882,0.7563342103092067,0.17180013775617797,680,51
M1,17,1.473416745253333,1.4541082509257546,0.5894672616727478,801,55
M2,17,2.2637182305151566,0.7099920136152214,0.22306165493342914,716,62
M3,15,1.9729062517214895,1.193422731174965,0.16895390644921784,624,63
M4,15,2.158234573013746,1.210924768038318,0.26261568780627553,774,54
M1,17,1.9826750473941088,1.2025862004427907,0.18508419478265264,623,56
M2,17,1.702814480184351,0.6797348175270622,0.4684310982686968,768,54
M3,16,2.0628682221572228,0.642923915953999,0.5917048001263807,646,54
M4,17,1.7753754804991655,1.0115909377889456,0.6969602421614547,611,60
M1,15,2.35016755615652,0.9450550758506909,0.47743761530394613,646,64
M2,15,2.4036578973759113,1.4938719510382759,0.3317962058441928,828,56
M3,16,2.108297825021729,1.1064106113131535,0.24501663959419434,708,60
M4,16,2.364317687011212,0.6470001031832243,0.28890116872338445,643,52
M1,16,1.5895154845569253,0.9215945475062286,0.6497669473910938,855,64
M2,16,1.5821203207882966,0.6447324126486467,0.382026608011525,896,51
M3,15,1.0309339774153636,0.7843714954519088,0.14087348125737525,796,50
M4,15,1.3823182996469863,0.733761318856238,0.4904845078996035,819,59
M1,16,2.293629671463756,0.5744693272475968,0.23328041061280766,717,56
M2,16,2.3841337292292817,1.4172968625224511,0.45313137814349846,754,64
M3,16,1.6924558705736241,1.377163005662176,0.6726349017882373,795,58
M4,15,1.559488511123547,1.4715963197820154,0.11283113344379102,663,56
M1,17,2.271928496265991,0.8105131626107535,0.20124497990924883,640,61
M2,16,2.042559569407657,1.4154948907373035,0.35956935125538847,605,63
M3,15,2.195352119142815,1.2187890666987788,0.3277670674612178,872,62
M4,15,1.1931359397979608,0.6263758908342573,0.2847751844228572,686,52
M1,16,2.426479027331417,1.018517777903753,0.23881797398781054,656,50
M2,15,1.075067135079756,0.9660950881473881,0.3300817158702868,788,50
M3,16,1.2430379744583546,0.7813065800317412,0.6740506250035425,857,54
M4,16,2.1650586618778154,1.3205726701101717,0.44674373817884716,777,52
M1,17,2.2800329582667644,1.4472631706350396,0.42752486444478943,721,57
M2,15,2.3836367098318885,1.3606087690870283,0.495297723929615,631,62
M3,15,1.9164368634219335,1.22910988855332,0.2415598151357804,624,62
M4,15,2.191765618879566,0.5788695681738395,0.105346805541863,711,54
M1,15,1.4480023799634067,0.9101941005126825,0.22630114694191691,780,53
M2,17,1.780857490808431,0.9508363522322267,0.42249693284839906,817,59
M3,17,2.082223999787544,1.01881819473555,0.15035830153584545,696,51
M4,17,2.3440041260604163,1.4690946486358254,0.25629744890009964,785,53
M1,15,1.6746012517313436,1.0274862796213915,0.6508452526837407,600,58
M2,15,2.379036948765889,1.3147354627747432,0.11600756022891467,670,58
M3,16,1.7824114381247587,0.6268478662067014,0.32447275830035677,856,57
M4,16,2.465194297049575,0.6511606924350503,0.1261989930038174,620,54
M1,17,1.8967997370571061,1.1772686420181753,0.4891667271111505,773,52
M2,17,1.3269021839015847,0.6464908279119921,0.468539501618074,839,63
M3,17,1.7565905067359624,1.077134577432831,0.6682521076568647,870,53
M4,15,1.2501502427336517,0.7566165776232407,0.3680693577894215,650,61
M1,16,2.0390418021946823,0.7047424069454502,0.6877941159477909,691,53
M2,16,1.9743238405303907,0.6203413813775829,0.11682395733246208,647,59
M3,16,1.4217521223044152,1.1565560744324515,0.4187890763515575,777,57
M4,15,1.8433241763671189,1.0915639797008923,0.5716616449700855,600,58
M1,16,1.7952225730547515,0.6907157668755503,0.3148449548199911,765,58
M2,15,2.087566000967664,1.213120414185529,0.6215111855906847,677,54
M3,16,1.3972789934773537,0.6818959302970419,0.5177503554751489,837,63
M4,17,1.2249909739818006,0.7720299137667848,0.15928457640637925,723,64
M1,16,1.4118891139508563,1.1154878929292595,0.32716829117022,713,61
M2,16,1.5909560156589528,1.2321438114710859,0.19196541862898164,828,57
M3,17,1.6097857530691084,1.3947692598785113,0.5203724358845135,797,55
M4,16,1.8754090177671152,1.052519215146901,0.1432871884591014,729,59
M1,17,1.3063090513917404,0.9485762202495489,0.23967197120672226,751,54
M2,17,1.2501518037502675,1.4327087401943417,0.38926811143523077,604,62
M3,17,1.3798290246418135,0.5447322099375127,0.30558067575054004,732,58
M4,16,1.2446814747065522,0.5268284140629148,0.32441744866180033,798,54
M1,15,1.9465116271231429,0.9035940720037557,0.40832135203401987,607,52
M2,16,2.220134869582706,1.2650703586376277,0.5020176341635149,877,56
M3,15,1.5646395934989872,1.3604984204698913,0.5819061870143918,888,54
M4,15,1.9915428091119556,1.3151807715704429,0.5727556230588222,834,56
M1,15,1.554574730361042,0.762240290148998,0.27935936998801797,672,50
M2,15,2.4009263986823743,0.6480353082716468,0.19741167230840284,801,50
M3,15,1.962911008373752,0.7781026095948639,0.6567312326412378,846,59
M4,17,1.2382361047056187,0.9850868696915688,0.3387691975062048,755,50
M1,15,1.4674164716025586,1.361887615323452,0.14864128317948297,687,58
M2,17,1.7126014818821622,1.055530834561603,0.4175345202569406,795,62
M3,17,1.3577222439240368,1.4829415696519268,0.2230775437227755,615,63
M4,17,1.5247658424046109,0.8845652747842269,0.543509551967766,652,63
M1,15,2.477010029904145,1.1701528592363861,0.6356797175771748,807,53
M2,16,1.9745859838414046,1.1302622190118052,0.48823661499763804,810,57
M3,15,1.0975075411944315,1.241577089596455,0.1880464880178229,752,54
M4,17,2.322097749312091,1.2829639227691938,0.47075987492064764,625,61
M1,15,1.8672576816266793,1.138649611372434,0.6779853088894529,819,55
M2,16,1.723709429003367,0.7737327181220301,0.11454026631176545,658,52
M3,17,2.100057755074105,0.8526943971907914,0.6774567010649375,853,59
M4,15,1.8298692172517652,1.3486315419440937,0.604103747305465,648,53
M1,15,1.3031476111533746,1.3433829258690695,0.47208526660572847,617,64
M2,15,1.7349116836507068,0.7525451947708082,0.22319958063423012,827,59
M3,16,1.4002236197104898,0.5702428124077078,0.6855099721139102,709,52
M4,15,1.2393171794851863,1.008717243072165,0.526857159910332,718,53
M1,15,2.2117385533401954,0.5456648512129129,0.539978764548785,862,56
M2,16,1.5864351969958872,0.5877733826915281,0.49652876107735633,790,61
M3,17,1.9987118828779353,1.0585991550533778,0.36166470247992955,828,63
M4,17,1.0010528462210961,1.4651799167767339,0.37100293333996315,690,58
M1,17,1.381250694783552,1.4717558276808127,0.14364117669448445,888,57
M2,16,1.9797302019570966,0.8864878123623472,0.13690292648708194,826,57
M3,16,1.9320223458725345,1.4769711209886012,0.35298555634399875,632,59
M4,16,1.250837696773989,0.8873942394157761,0.6481085324118715,799,63
M1,16,1.2047576075483672,0.6616053513259688,0.16349190118691193,708,59
M2,16,1.4807320908043877,0.6921050891300856,0.5025686005243645,679,62
M3,16,1.4826090740327484,1.279581214344242,0.5703969336283218,835,53
M4,17,2.3493901545408624,1.0979561009439083,0.31944321491303346,620,54
M1,17,1.9088056249702479,0.5812848462071729,0.5348894871324786,760,56
M2,17,2.425027352454208,1.471391298769817,0.40381035227561934,795,62
M3,16,2.4587029915386496,1.1389730629248929,0.6377612225254738,733,56
M4,17,1.7363242923581756,1.240101581546224,0.3503574759598084,696,58
M1,16,2.001114284849095,1.486175012054264,0.49687169078379767,617,56
M2,17,1.8036425879523352,1.014155617751058,0.5145012458449025,786,50
M3,16,1.213868129427764,0.8903540615338382,0.6365799692159946,773,50
M4,17,2.0430326400250114,0.5397331595405733,0.18481272816997224,699,57
M1,16,1.2060160851631294,1.0424937554516567,0.22507630557978148,790,57
M2,17,1.0447646168243487,0.9617945615741954,0.5343018507357248,779,58
M3,17,1.5022491612729056,0.9550999703971249,0.20268520018567862,693,54
M4,15,2.4160245941112044,0.7865908292167126,0.11152946658636034,661,64
M1,17,1.421140871431588,1.113777362420181,0.5229337974398606,879,50
M2,16,2.4633793404655075,1.4642286738379209,0.5020847611329826,635,59
M3,15,1.6469204521784742,1.0246551683328933,0.6192547666680419,880,59
M4,15,1.1405948804426502,1.1526807115111666,0.10892594018610002,611,59
M1,17,2.3817015474580137,0.773261495981313,0.36862588725290135,646,54
M2,17,1.546578985622664,1.182092137857013,0.5797977272498223,629,59
M3,17,1.1424910515940634,0.6925400621780157,0.36310344000070627,725,52
M4,15,1.0545930211883117,1.0245638536967516,0.6551159087943585,664,53
M1,16,1.5358050374578949,1.384260345323991,0.4828917146777638,753,54
M2,16,1.1665064597774175,1.3794627484727693,0.179224658738243,875,57
M3,15,1.6202533046689775,0.75068926349927,0.4289580225903876,661,52
M4,15,1.9034058055557825,1.1696252028988077,0.2063916796757254,692,52
M1,16,1.1743345459846228,1.3549190805853168,0.14678284341401787,817,62
M2,17,1.4195196693292553,1.281638006443324,0.6088208594823818,730,59
M3,15,2.266683283013548,0.8624729311442788,0.5357277504095216,664,64
M4,15,1.9378800556369293,0.8711660146503398,0.686332532510265,646,56
M1,16,1.103419815063707,0.7231368459408156,0.6383436387293363,768,58
M2,15,1.179902228790167,0.8756245597875164,0.46331145642852967,851,51
M3,16,1.7155507679497095,0.6360388537146944,0.6026364299100015,740,55
M4,17,2.2964164081198275,0.8261406657101609,0.21220743920166518,761,63
M1,17,2.4456210741190993,0.7832973076773049,0.6324863372732538,602,58
M2,15,1.188601318577458,1.4118916345522081,0.4155228995089115,752,58
M3,16,2.1649033260075567,1.3166741441211065,0.12690083754226258,739,54
M4,16,1.491345390629108,0.7217769497590119,0.20622427255015818,792,54
M1,17,1.8311335097098111,1.3409791647342995,0.3222943799771635,703,53
M2,17,2.2584606455402687,1.4693969558965132,0.24179833599910344,676,60
M3,16,1.606111762203486,1.4361029550132645,0.4522866853830748,787,51
M4,16,2.0596842431233613,1.1664570604389417,0.5168224889116334,899,55
M1,17,1.6144277933057474,1.2623317790854087,0.35166829813071865,671,55
M2,17,1.5390855426173533,1.1311027947138173,0.6293500485844904,888,57
M3,15,2.3182452443333093,1.296675681940392,0.43747168755652277,845,52
M4,15,1.6227969372079343,1.1243159026009724,0.3547922254231919,703,61
M1,17,2.1164226382604188,1.2698695855099231,0.6142854515032163,684,63
M2,15,1.0845467066159666,0.9334320104821441,0.39553740509832225,865,57
M3,17,2.2100123004371612,0.6766403312015913,0.3708120056140429,838,58
M4,15,1.7940272295889024,0.5298237339353712,0.5974168225484338,859,50
M1,16,2.031180321138179,0.8792021194284739,0.34432713280377925,649,61
M2,17,1.3155423884190953,0.504899382571205,0.37237189659394143,647,63
M3,16,1.6712572059384456,1.3847317059052457,0.36054414677727376,658,63
M4,16,1.60560041338819,1.2658247376286271,0.5033285543153817,633,57
M1,17,1.860028447457675,1.3541749691470657,0.362247919330282,823,53
M2,15,1.7927975349150755,1.0655114092007065,0.3762881852752423,770,64
M3,15,2.3790439569892317,0.8658191729571314,0.351662319788825,776,52
M4,15,2.149009534666132,0.5100163650009523,0.5224977881015721,807,56
M1,15,2.0992349261341916,1.1856233220798957,0.5533394986743498,865,53
M2,15,2.452499959317599,1.2764176267422602,0.6447620267839309,757,52
M3,16,1.305414494191563,0.8276844210775958,0.3287446556195016,806,55
M4,16,2.0707622639254044,1.1852091489839116,0.35111991030971257,764,60
M1,15,2.4244689230309557,0.6710363198638506,0.2374881498290552,672,54
M2,15,1.952802638569612,0.8613481535413141,0.3014571920381581,871,59
M3,15,1.1729627406067324,1.3721063237911528,0.2914745560513593,809,60
M4,17,2.4674339873484286,1.3591101865081892,0.2532387857045296,604,61
M1,15,2.066014022512185,1.3199617107521306,0.37126699098969773,690,59
M2,17,2.2963235716328976,0.7207469209175899,0.3005214276282138,726,54
M3,16,1.3412155208750667,0.9011517418164442,0.14147061886206164,672,61
M4,16,1.0298764246969516,0.776102177636354,0.4023370059919176,604,64
M1,17,2.3077922448500527,1.1001006697571403,0.6670515848415873,851,50
M2,15,1.933414930253038,1.3004125375751545,0.6800860064758795,725,62
M3,15,2.381545216737905,0.7125970628807299,0.47443302430018397,662,52
M4,15,1.4119823632846307,0.6648012273115126,0.48554780416895393,744,61
M1,15,1.4168268201667327,0.8373560830388018,0.622862353149483,820,53
M2,17,1.2083995169401787,1.3521475742430804,0.25798772211922394,871,50
M3,15,2.2980430231156337,1.3575412767256345,0.31054882866368994,659,63
M4,16,1.4701729797757075,0.9099540465628001,0.4485770215782233,715,56
M1,16,2.071987027294224,0.5487975348896059,0.510484763682752,643,59
M2,17,1.9599279963992489,0.5243706254415214,0.210737340889198,608,61
M3,16,2.2230463015735746,1.29275747252689,0.4990948677657062,690,59
M4,17,2.1251424667416647,0.9768339177777983,0.5274445646435325,812,63
M1,17,1.987308812312431,1.191880728819267,0.6179907785877519,867,63
M2,15,2.2372517622895343,0.8745222108799041,0.14694658359976137,744,61
M3,17,1.4792380755442702,0.9691622452333478,0.6472770093348463,769,58
M4,17,1.8355217362673517,1.157240512620762,0.21687896534562406,621,55
M1,17,2.423310302747826,1.4594033634927497,0.12157394418136287,778,62
M2,17,2.230675737172608,1.3817778465668946,0.2906022721835764,657,61
M3,16,1.8752841557696485,1.2590404584753578,0.55897124754926,844,56
M4,17,1.467926281194425,1.1796550918661177,0.38143385479439107,861,53
M1,15,2.265869530320006,1.0524823564146293,0.6190843292569089,856,59
M2,15,1.7199150877524227,1.1376996166748388,0.4995217221924191,660,60
M3,16,2.1323187199070945,0.5532228904853801,0.1290488175863223,641,51
M4,17,2.0874959854229105,0.977424287123691,0.14684310308606793,701,61
M1,17,1.2966291776702168,1.0728733683974507,0.4813018660889027,649,56
M2,16,2.003750938838481,0.984568550813484,0.5940155142338637,864,63
M3,15,1.7416761433399963,0.5674948485988964,0.402033972050007,873,50
M4,15,2.400591572420188,1.0951324111745238,0.5087014646651891,630,57
M1,15,1.152988638852711,1.033917944493802,0.5845113666243136,677,53
M2,15,1.173439429080273,1.3143331099354667,0.1757440863753083,653,64
M3,16,1.0620752722387565,0.925522744152389,0.39215760340929984,867,51
M4,15,2.2336928875532847,0.6534089573800221,0.16699316385347157,625,64
M1,17,2.1339091324550568,0.5912655325099223,0.6054293853976787,899,53
M2,16,1.4801384732515863,0.5290681680508623,0.2900554941467632,621,58
M3,16,1.493399903187602,1.1602431273784624,0.45002980593686903,797,50
M4,16,2.1421082728906957,0.8581542781631709,0.13430565069790254,615,54
M1,17,1.5593329201890185,0.8071633797278566,0.4838365189685936,851,51
M2,15,2.090177665600367,1.4173754216887395,0.6313789667866296,624,61
M3,17,1.0846557514424284,0.7569531285630776,0.5585837727070639,702,58
M4,16,2.1234817223695837,1.0735123036640166,0.3510915180183215,660,59
M1,17,1.5234806089542199,0.7935697921788498,0.5944098905051162,706,53
M2,15,1.0936508107591867,1.3372779210682457,0.4740740022386122,833,51
M3,16,1.3758670590001834,0.9783633147066206,0.691592231333323,651,59
M4,16,2.484050109572908,0.803818355150183,0.6667257783672812,642,60
M1,17,1.147647962730052,0.6790236047470303,0.17010829720699888,747,54
M2,16,2.258066889103144,0.6402846874935568,0.10084442979880875,801,52
M3,17,1.6558309557013766,1.2891078589215823,0.3124749726662126,854,55
M4,16,1.4771355081471793,1.0577541957708845,0.6853988264762515,826,50
M1,15,1.9728099323560346,0.9463733774446051,0.3786293254720903,758,58
M2,17,1.0829096622377925,0.9180624925347096,0.15176480951967208,845,50
M3,15,1.0384150842881295,0.6490451679697602,0.219569163311326,881,52
M4,16,1.7147680847835491,0.6430007350621555,0.34213964148446674,872,63
M1,17,1.4250884784294393,0.916707504723223,0.2014146294645202,720,50
M2,16,2.029624701101403,1.2756971766918586,0.39953523895300125,729,64
M3,17,2.4471402575289476,0.9877156241321612,0.3346088734988,761,57
M4,15,1.8258366623023954,1.3246058297644834,0.12050308008313329,754,64
M1,17,2.157364876520851,1.1088872965678853,0.3143726573676759,802,63
M2,16,1.2480031874945126,0.9991164184606692,0.3187978632286946,810,63
M3,15,1.853857640524631,0.612791034511239,0.18092324107291508,868,61
M4,15,1.0000783976983916,0.7283912699566337,0.1224558885149988,852,62
M1,16,2.164208673664201,1.4158890932573276,0.37924463339318315,700,61
M2,16,1.7229942799126854,0.7619000429358447,0.2372622593799995,644,63
M3,17,1.9786310512290077,0.5192943025805304,0.6869298008079768,770,59
M4,15,1.7617558680694145,0.5757093486922291,0.13662607745017294,813,55
M1,17,1.1351398555247028,0.8793116696817233,0.6217637020054223,858,57
M2,16,2.142823030511771,1.1337645658080933,0.36065440357208267,819,52
M3,17,1.1936062622921455,1.0907820849429628,0.5089354231946547,614,52
M4,16,1.490721104035929,0.8662359272984013,0.18997188387763853,899,57
M1,16,1.4131440286218482,0.9625135769905997,0.3322551396516842,800,58
M2,16,1.2553013492358047,0.7434492096753909,0.3989477832658087,619,58
M3,15,2.3115505600865944,1.0313956534703865,0.5255214969435428,619,62
M4,17,1.4289679099381505,1.1596220402545987,0.21057977308592724,707,58
M1,17,2.12997474972741,1.2694499686045992,0.5959743185712317,785,62
M2,15,1.1996994775704468,1.3277828508428728,0.12573670261851497,648,51
M3,15,1.185006729564279,1.1232669852704693,0.5084347157056,641,51
M4,16,1.5906410252903775,1.2543340572787574,0.3842623734165894,846,60
M1,15,2.387566612309956,1.2271356820295813,0.17424231684112024,817,59
M2,15,1.1579544007528535,0.8521295549681053,0.5170220199488061,739,51
M3,16,2.40724054421449,1.46506166594811,0.5222104651594824,794,57
M4,16,1.7116818306317967,1.174026455903518,0.2877127591656328,813,52
M1,17,1.9213624351354885,0.6164874200351643,0.2993578834756985,700,57
M2,15,2.257048605737143,0.7789605479037548,0.5574087614693177,703,53
M3,16,1.5691970653947662,1.4903413096564924,0.22574091137139635,610,58
M4,16,2.3534872099173705,1.148155553390508,0.5860693368319654,716,63
M1,16,1.31694387731444,0.6749190624539784,0.4590674212668928,772,51
M2,15,1.6609264299351094,1.022064079540577,0.11685527504863186,753,52
M3,16,1.0148010605635016,0.8791458715889625,0.29233691920103005,851,55
M4,17,1.091550154630071,0.5802177344182325,0.12115410557190145,848,50
M1,16,1.5894761915269013,0.5393775963063185,0.3285642511615273,824,53
M2,17,2.41118707907508,0.8961677333717595,0.41506414134053105,837,61
M3,17,1.5022806227311674,1.3713928412669572,0.27220709115761105,877,61
M4,15,2.469821810460295,0.931958632953925,0.5228283110091211,732,64
M1,15,2.2376493338561216,1.453957112297082,0.6152872184058341,824,60
M2,17,1.575756774596875,0.8143061648897529,0.4137413295235389,770,55
M3,16,2.3052409463344565,1.3602327482679906,0.5286680165391446,751,53
M4,15,1.6410972237854087,0.9923120394250488,0.4647687488366281,616,53
M1,15,1.6239132958571836,0.7838490294705732,0.6028852310411129,767,64
M2,17,1.2342814317220192,1.4222612895273636,0.18284774298890985,812,55
M3,16,2.4691138225435942,0.8517310253583756,0.37527193538638437,866,61
M4,17,1.1011201129761865,1.1668751181301484,0.5109812243781275,781,64
M1,16,1.702491490822682,1.0499499477360217,0.6937019888523374,752,55
M2,15,1.5535726818335251,1.1925931293887526,0.18050186386757583,659,55
M3,17,2.4402281448922754,0.9955879952203052,0.6026418814579938,679,62
M4,16,1.1770017808180506,0.5824132827234002,0.5767279817221553,716,53
M1,15,1.9220427416628891,1.150148609393845,0.535722866257874,711,53
M2,16,2.39333210851379,0.79212130901382,0.11137598348945986,744,56
M3,16,2.4732840171322654,1.4121233579714096,0.3445735985354399,616,61
M4,15,2.3001343282258,0.7267976620364042,0.6717077746344782,720,64
M1,16,1.2816675984477333,1.2022012351661546,0.25487447511259037,833,56
M2,17,1.682050462953396,1.2220759039438192,0.347873964083354,852,60
M3,15,2.2799755708812275,1.2540243436174041,0.3368829848592731,632,56
M4,16,2.4672368094645334,0.8511343945333714,0.5547565318287871,720,58
M1,16,2.4664158859545076,0.8470242001181196,0.11750348882182618,654,51
M2,16,2.3604642600510166,1.1305374366398673,0.42903356257059744,772,60
M3,15,1.8237709370225639,0.8357225971568714,0.6467850313916087,712,62
M4,15,2.4530401716981047,1.2235925851683986,0.23041619852352682,627,51
M1,17,2.403367965957382,0.7929830522829348,0.2293527988845211,651,56
M2,17,1.508069514552955,1.2621445879941846,0.11135263955567619,702,54
M3,17,1.7189635411011281,0.657522028410964,0.5913425482508463,703,63
M4,17,1.1497263543587826,0.779571698619246,0.5059953123591686,872,51
M1,16,2.269389732247123,0.9854458978569224,0.4655031649737408,661,60
M2,16,1.4543124579278557,1.3760904494554396,0.41101481309729515,697,64
M3,17,2.372202854116705,1.3119257334212233,0.4984257914023317,896,61
M4,15,1.1669901273004561,1.2073944987946366,0.27334444636085115,693,59
M1,17,2.469573688033198,1.474827536812152,0.38605510216442784,857,60
M2,17,2.0618101620865477,1.3687915186043953,0.47610094852621365,661,55
M3,15,2.009831229375063,0.6375187970518544,0.6110865608231476,622,55
M4,16,2.162778396970399,1.0191551247767607,0.27174632767622514,613,64
M1,15,1.8527168496988358,0.75147228793624,0.32731510346131465,876,60
M2,16,2.14358285968707,0.7318899473439652,0.2515580926786821,644,64
M3,17,2.2122175386946306,0.7648808308510342,0.2873331787216604,669,63
M4,17,2.178186638553786,1.3139243482002536,0.6306418566010725,897,58
M1,17,2.4337693599324464,1.424323929380194,0.3599288203960189,778,57
M2,17,1.9635925532091025,1.185065995986564,0.6461057395398623,628,62
M3,16,1.1277415571816904,0.8537719435400529,0.569014356740638,772,55
M4,17,1.4619061163335434,1.3152863586928483,0.2877622697476097,748,62
M1,16,2.2959710356849596,1.2123332500902064,0.3751672162463946,652,62
M2,17,2.0693829923974087,1.2329313113128633,0.35327919777258787,715,64
M3,16,2.203105636877585,0.693975103735923,0.6535002860597167,661,56
M4,17,2.336022085160274,1.286716179545646,0.6532522611755507,847,60
M1,16,1.5813977759050353,1.0026583488321181,0.25173164949025034,700,53
M2,16,1.3593748183883827,0.9690802600529523,0.5562323409426734,751,62
M3,15,1.8000576708671372,0.8727142408079138,0.1458743269661127,718,61
M4,15,1.5081118322451714,1.1859287253444482,0.4716293833461903,854,61
M1,17,1.3940537316476203,1.1513753262930329,0.2900608980550575,847,53
M2,17,2.33166374887131,0.7288477626452723,0.48124400580274673,768,62
M3,16,1.1724605944846487,0.5561216146429007,0.5317848307256842,640,62
M4,16,1.10927696296771,0.8745072870951816,0.4921349685439834,806,63
M1,17,1.031232234788872,0.7107277840941806,0.2832820303101396,691,59
M2,15,1.037505341604899,0.9151304883878023,0.228142966161857,606,62
M3,17,2.481073139589591,0.6646489164337672,0.6037090512903398,847,58
M4,16,2.3872152109793325,1.294764232993675,0.25726766694823844,853,53
M1,17,2.388406390104042,1.2214125019630462,0.48201963148789484,750,62
M2,15,1.806263031446902,0.5012773266947749,0.6288163137045266,871,60
M3,17,2.0157176965656087,0.9659836689330166,0.1425083179039418,759,64
M4,15,2.043399008699029,0.7754047844514141,0.3458203844829718,710,51
M1,17,2.3010988286957996,1.104023848021745,0.4578982156870167,707,57
M2,15,2.3606855900770656,0.6075373459962962,0.4293866757370314,678,56
M3,15,1.772126550726622,1.0982380619542425,0.18093771966950073,727,59
M4,15,1.914589652324917,1.3383805503767738,0.679827712942546,852,51
M1,16,1.10047324931588,0.9345512733536699,0.36173632170164927,708,55
M2,16,2.1970808025735336,0.7563087363114276,0.3480205375129095,861,61
M3,17,1.0889005978454342,0.8602822267314226,0.6723837349723357,771,51
M4,17,1.5059568373257564,1.1093076406222617,0.3469574890058197,759,54
M1,17,2.064522452379105,0.9049081407797799,0.19359000348955918,636,51
M2,15,2.415864979928747,0.5128708938288882,0.16298862721162044,889,61
M3,17,2.2924175792997064,0.7922226849524436,0.3641329078769747,790,59
M4,16,1.6675681554887563,1.385725145612752,0.6709454660371292,691,57
M1,17,1.4174815060265085,0.6893948860846344,0.2623417497641532,650,62
M2,17,1.9102483837497715,1.1205001688590643,0.5782053435593221,622,61
M3,16,1.170395720897213,1.309447968476709,0.4721147373943124,839,50
M4,16,2.3631700153727513,1.0376826071234722,0.1350594573534254,883,56
M1,16,2.02683006655952,0.8799720047558348,0.4396072404864647,707,56
M2,17,2.0443680433655214,1.203094881641035,0.1991316182907456,625,51
M3,15,2.2413001993533515,1.0989139086980946,0.20433134276988013,727,62
M4,16,1.2802999328768279,0.8031169401655718,0.3275610811920954,830,63
M1,15,2.425620404420579,0.5168550103324789,0.21379655302387574,808,50
M2,17,1.0630517468985676,0.6427991334421884,0.40880951932380527,602,64
M3,16,1.1444986543784565,1.2054635073414004,0.5321401677173926,631,54
M4,16,1.9927231040601734,0.6310529211887302,0.21827870724646134,731,54
M1,16,2.0468156446013865,0.9635748586862702,0.6056390987845003,660,64
M2,16,1.3536088133721744,1.3024365732241332,0.3257051100634205,677,63
M3,16,2.03344127566504,0.7070207032998277,0.3238199388644283,709,64
M4,16,2.0345996681960665,1.329632669802331,0.21058699369817407,734,59
M1,16,1.995920044536219,1.475379411745699,0.5475622023973605,729,55
M2,15,1.3726472092744142,0.6797552946693265,0.4508191441466639,621,62
M3,17,2.2153062358137494,1.2295448659784098,0.10730157082192487,893,56
M4,16,2.0461883348275136,1.122115921898096,0.2815665342392079,746,62
M1,17,2.1935454406472714,0.9095585693373105,0.6647855564641163,621,52
M2,15,2.215581224630968,1.0437960992745374,0.5377728234613259,887,60
M3,15,2.4235138031852674,1.0005768516095128,0.6730310106425421,620,61
M4,15,1.5240499038272737,0.6924831777787899,0.662579394585311,863,62
M1,17,1.9627341706231705,1.2269664399344202,0.5903246921178835,724,59
M2,15,1.7711811986114472,0.5615901250744626,0.6744144814958604,604,54
M3,16,1.2398776667005762,0.8667859588226774,0.16425956468706138,797,50
M4,17,1.596863682211341,0.7614129468637705,0.2977381812051886,669,55
M1,17,1.129695715115254,0.8630145035865553,0.5639993687853811,632,61
M2,17,2.3789566397623565,1.0116792662017677,0.4317292079911509,730,50
M3,15,1.9496320987470739,0.5332536887628171,0.16545809468941475,740,64
M4,17,1.3055431575211474,1.3596274712321206,0.1444026564866471,777,64
M1,17,2.1222959285339353,1.091005796437248,0.6605016460682708,714,63
M2,15,1.355268575631103,0.7105302364135031,0.6729054937193831,633,63
M3,15,2.276006671861361,0.8429802975363925,0.5262698263032229,687,50
M4,17,2.0119505116976666,1.0793983472077082,0.41757706769658476,897,52
M1,16,1.1157994850403687,1.3321194512560504,0.6830154611390352,861,59
M2,17,2.2717013512615343,1.0518292263789215,0.23769127629664827,857,61
M3,17,1.9945838061557235,0.9399297832276423,0.5299158312936667,675,63
M4,17,2.4511227793371217,1.4604684224873767,0.34383174482512846,745,58
M1,15,1.1672978165500423,0.8133214674487748,0.255585689540975,778,57
M2,16,1.3844907821288475,0.5134884204458721,0.30216398046870724,800,55
M3,16,1.6137784783546685,0.7590314652878862,0.1188445676811182,751,64
M4,17,1.3902985492581528,0.9006108684489288,0.5909877291321431,657,60
M1,17,1.9334972625707674,1.4085614180477206,0.20856822616931125,854,60
M2,15,1.3270652954133462,0.5181678147615125,0.2733733271684144,660,55
M3,16,1.8775519266295917,0.544271636649057,0.10106449440216339,629,62
M4,17,2.246438947951411,0.7077198408975517,0.5362548939919116,792,50
M1,17,1.494970451354106,1.3412478443157223,0.5025376679236486,729,60
M2,17,1.5985617737273157,0.8500685760824876,0.5974947181866684,804,62
M3,17,1.9040442617025697,1.257113337628522,0.39109461788668043,693,64
M4,15,2.4103889095701794,1.0373384584013645,0.6541629987627238,650,54
M1,15,1.1200246125141078,1.3781692237687868,0.42948443295605365,865,60
M2,17,1.759580681353055,0.9199695449061096,0.3967492767202455,701,58
M3,17,2.222364368258619,0.9527673344140435,0.5474808861175195,810,55
M4,17,1.2818446750025927,0.7302255898367574,0.2221003998195544,868,62
M1,15,2.3471787880685038,0.7178787328704291,0.6619148121194435,842,64
M2,16,1.8354904902982285,1.2122904118398705,0.546802945853173,876,64
M3,17,1.0518378582389705,0.5804105380295549,0.3678957109335347,703,55
M4,17,2.239448214836283,1.0298361837100045,0.6393530894152157,668,57
M1,17,1.6867416718885806,0.55313054392313,0.1690419733594114,855,54
M2,15,2.2831994920072063,1.483198982765952,0.5748761995081552,732,60
M3,16,2.1132821901579515,1.059752157522189,0.6983555176179981,667,50
M4,15,1.7539968092819018,0.82356894671939,0.5937987072926725,627,57
M1,17,1.6846621866106077,1.0417563738680828,0.3820362392807345,886,54
M2,15,1.7099383618614508,0.5222717557703178,0.6951091944352059,653,63
M3,15,2.2173064677888785,1.4220520225383502,0.2994400548431645,761,59
M4,15,1.1030650452268684,1.0531518601086092,0.44938818441070405,606,51
M1,15,1.1826882162989425,0.7182374961052836,0.3156792798740413,788,61
M2,15,1.3386007656380081,0.9429274742981937,0.5734895077715059,616,63
M3,17,2.342557987470406,1.4206125958213645,0.13840745866371867,631,64
M4,15,1.2758875935250447,1.0500981736119384,0.16779339191070136,719,55
M1,15,2.138245224890325,0.8085090112924327,0.1212993427518331,707,57
M2,16,2.026290250257537,1.4311582794374256,0.17075410961791565,621,53
M3,15,2.4033743377546717,0.5630326451534912,0.5721737520189717,772,57
M4,16,2.302570382411658,1.1955141597856629,0.31244414475652066,617,56
M1,16,1.5938989099002596,0.637197198997872,0.16564408642656037,841,55
M2,17,1.0910918053581056,0.7837616670421053,0.3389353440422245,729,54
M3,15,1.2511371840560308,0.6649879278655425,0.1605446607721177,856,56
M4,17,1.508432365141172,1.4485282551707788,0.16137223445329857,654,57
M1,15,1.3094681854520296,0.8089803106948675,0.1931297412165849,768,60
M2,17,1.6845386021831754,0.848778048939544,0.5714528474418709,617,64
M3,15,1.233283724140684,1.0160828218300642,0.5280045571196359,772,51
M4,15,1.0180895410812627,0.6034616235534497,0.6231649606491577,624,64
M1,15,1.3817049923256777,0.7015914941900915,0.3807161831833692,800,50
M2,15,1.094108160292,1.2309316781780937,0.25055382002132115,738,61
M3,17,1.3216780717774748,1.4113173520782314,0.4540956342842195,640,64
M4,16,2.180539158287438,1.4252625808032449,0.13853563784260872,694,57
M1,16,1.1668447873123238,1.0932794891876196,0.2641015702074666,730,56
M2,17,1.4672018560623763,1.3485991323748894,0.565157862912173,732,56
M3,17,1.5578905912400012,0.6125585235184975,0.4061707756425772,856,63
M4,17,2.03878332823256,0.6170337057087671,0.1091836273484959,812,59
M1,17,1.0466512443434663,1.2161560611063686,0.16695784544920392,677,62
M2,16,1.7790571938684994,0.6059903289372351,0.44641057183736044,691,61
M3,15,2.1591085736455664,0.8933013010435823,0.29624393271729854,711,53
M4,15,2.1152528311292746,1.2564468749393245,0.6578657968951305,645,61
M1,17,1.6627117167061545,0.9331785564713325,0.49034997898449617,720,52
M2,17,1.501062192728845,0.8455286796462728,0.4032014571774373,666,54
M3,17,1.7076017533688996,0.6311354861784203,0.324292161667753,664,56
M4,15,2.4605053905163885,0.933822030455339,0.2226327236545966,695,63
M1,15,2.229577737733246,1.4935110100743854,0.4235043290323016,742,64
M2,17,1.5223942826229888,1.4570385336248393,0.2859598087232184,828,59
M3,17,2.060887575045427,1.4102546240719143,0.6219209194869362,877,58
M4,16,1.5232522918813163,1.4475380670844769,0.18853117647604303,827,59
M1,15,1.5865387161231432,0.9472727344778243,0.451478387743968,765,57
M2,16,1.5426274284571966,1.4866182784434132,0.6740428712275389,877,54
M3,17,2.272472338868918,0.7475684617582645,0.6322717669668052,720,61
M4,15,2.286200253435209,1.475282221652313,0.39865334770273697,774,50
M1,16,1.439331168494674,0.9888671995315262,0.563653319527883,693,61
M2,17,1.396096001691948,1.3186589151577959,0.3121430814362999,817,51
M3,16,1.0410375718004814,1.108854950515916,0.6916630348141777,892,63
M4,17,1.3583507616977488,1.0416499322491095,0.14732394162556,819,54
M1,17,1.3746376577185977,1.1485347601812728,0.3401291703053655,888,62
M2,16,2.241463252264444,1.4363381771486374,0.621399974000752,771,52
M3,17,1.9230838068903549,1.0843736589235262,0.13620430976236714,612,62
M4,16,2.4121754862085822,1.2357217273308554,0.47170537580870076,790,58
M1,15,2.3182509205635125,0.8215993754543144,0.5369601129776932,737,57
M2,17,2.1095194277154556,1.2250884166063338,0.1573277165371678,811,56
M3,15,1.5466849987531788,1.1259716223974194,0.169274042076776,629,51
M4,17,2.4863333851797513,1.4857996616937146,0.36240601431110786,829,53
M1,15,2.1399204977834394,0.9050733954596636,0.39041459162337255,812,63
M2,17,1.6978173183620413,1.321312316117087,0.4669053777265768,643,59
M3,16,1.7966991307995968,1.1056765055934923,0.5175384446720831,807,64
M4,17,2.205657831625356,1.2299900180291399,0.6098159780454618,735,53
M1,15,2.2300179252444297,1.2901187725752146,0.2942733042016239,681,56
M2,17,1.4472655705771678,1.0324188323834456,0.3017488217639963,846,51
M3,17,1.109026794148984,1.165275081051402,0.31064523387879417,819,59
M4,16,1.3462272585577575,1.258947273997061,0.49840068978915764,715,59
M1,16,2.368144227550864,0.7363525606378001,0.6504353763691733,801,53
M2,16,1.7577196682460459,1.1066456046448054,0.42225568530658697,725,56
M3,16,1.007038107068104,1.1627127438780087,0.6160931080543343,839,50
M4,16,1.6686494245693058,0.9304787688692654,0.5446302956788777,694,52
M1,17,1.9210967412203357,1.0613262430002952,0.2870297778249144,824,54
M2,16,1.5816004412368503,1.3412297184947142,0.6194613008098439,895,57
M3,17,2.286970280555471,1.0600218543600048,0.465359593303173,732,63
M4,16,2.385220326045543,0.6581370479907359,0.21699617799312784,638,58
M1,15,1.8438811371508546,0.8739245353163643,0.20179614791281322,644,62
M2,17,1.3415768913992752,0.8781692601056678,0.5242126296915695,621,60
M3,17,1.8999439086874506,1.3575421493774997,0.10110702133039379,828,53
M4,17,1.64200282141215,0.8737785980088237,0.551085116238608,607,53
M1,16,1.8101631310757074,1.1335741213251347,0.6495820240332068,813,52
M2,16,1.8243553979819154,0.6535175829114128,0.4520324458624102,731,53
M3,17,1.1522502507786125,0.7922997035641396,0.4330877463459927,867,61
M4,15,1.7255996515660652,1.4431993693202312,0.24021214347818895,618,52
M1,16,1.311267705319099,0.5611589768393409,0.3022279157344456,772,53
M2,15,1.3284082015036252,1.0298341616072744,0.10064819610249104,635,61
M3,17,1.4143483863581487,1.2264159028604977,0.24072080718491992,871,62
M4,16,2.0649611431626824,1.0185068958463765,0.20399507604411504,824,51
M1,16,2.1028308217498948,0.6591955705248473,0.4884620245929515,827,63
M2,17,1.9550554505551547,0.9860929894368328,0.2524939785648519,791,59
M3,16,2.4456946550242704,0.8168216547764388,0.2628205455881001,775,51
M4,15,1.9117690768081803,0.7117318920627866,0.19369198020544948,727,52
M1,15,1.0192853632816548,1.2153536423308187,0.4610900878700074,749,50
M2,16,1.6758977972348055,1.2448917564246709,0.5375208555584536,636,57
M3,17,2.0858896649515666,0.8190027256209023,0.6421931767164714,696,64
M4,17,1.2293940370494068,1.348670530562977,0.16395866480587418,781,57
M1,17,1.1073310917914239,0.8002164852989097,0.13751900074726817,629,60
M2,16,2.2659538413568336,1.1861615152167646,0.11150736111951834,780,63
M3,15,1.4449600378765581,0.6630123300101055,0.6693960635747495,690,58
M4,16,2.0286253994472214,1.273402354712612,0.38724786772723585,763,63
M1,17,2.3061482717030906,0.6367623500882976,0.40605513667246773,692,62
M2,17,1.5457972550474042,0.7585200468363702,0.10089757734735308,612,55
M3,17,1.5938301539107043,0.6978499007912728,0.47968600153764085,737,56
M4,16,2.0748182180752366,1.0803165095382328,0.2903770757493988,827,61
M1,17,2.3378099730420336,1.363963178927053,0.48694922914551586,737,54
M2,15,2.0057752708303416,1.2149581819741462,0.19074320859814803,670,53
M3,16,2.3948528727629115,0.9469275274863377,0.5219550315940262,645,58
M4,15,1.1652989605303343,0.8905817286121629,0.5502644053710276,739,58
M1,16,2.264156019602132,0.9779005066480636,0.4080403418675109,669,59
M2,17,1.2870008583751293,0.779430974443258,0.3293211168460118,614,51
M3,17,2.3356210178560666,1.0932980979365854,0.31586670765669067,660,61
M4,16,2.1010050784040253,1.0340866343836637,0.6935834784054323,732,63
M1,15,2.3967785852273904,1.2546652615429306,0.4487184730383039,805,52
M2,15,2.26156301926465,0.9530018183385474,0.3200808351151223,636,63
M3,16,1.5607399809141058,1.2393697577813307,0.16262416770340787,830,57
M4,17,1.6628182079601717,0.6628338401682531,0.44865139926724795,793,50
M1,17,2.361734639276477,1.0507402260263143,0.6103255545379143,633,55
M2,17,1.1696208553090126,1.498742929540508,0.3305833571237341,775,56
M3,16,2.257775452008576,0.933940754484513,0.40572765277150835,656,60
M4,17,2.481928045679641,1.266473955391583,0.19454252082205029,708,63
M1,17,2.030958148085578,1.1810217854190008,0.12286324367156017,734,56
M2,15,2.3518514836883107,0.5808065849807137,0.11653792027290344,779,59
M3,16,1.6657918000158847,1.2538916820404613,0.15721088776286798,797,64
M4,15,2.4242506629210188,0.8419707582115211,0.5080312960176054,659,53
M1,16,2.044585299007532,1.1736225768699566,0.33442673272441953,742,64
M2,17,1.621911963546155,1.0251619210483054,0.24628562750960245,609,56
M3,15,2.2332330903045934,1.1829258206070614,0.6922488768939039,693,63
M4,17,2.126424264949594,0.859559982503715,0.618849535855871,754,59
M1,15,1.9201323039293157,0.9541062987949489,0.42080551982595804,718,58
M2,16,1.5759891804413384,0.8785045882670189,0.30423305419572433,884,60
M3,15,1.5260817524160353,1.157462256616928,0.6631182378474884,626,54
M4,15,1.303898199376124,1.2457822895289086,0.6563768007886179,606,54
M1,17,1.311442272876726,1.2961724082197725,0.4598305914587034,811,58
M2,17,1.9321268038434276,1.3499613749934263,0.44561769522899497,630,60
M3,15,2.036504312450658,0.9042611968240845,0.15800215438752258,735,60
M4,17,2.4157283105680003,1.4750919301237775,0.43559203274466163,642,54
M1,15,2.2434589417724533,1.3886475033754482,0.5141484306222887,723,61
M2,17,1.417268058324521,1.080524169508122,0.49300360076895977,719,58
M3,15,1.0735354711559721,1.4111666051241905,0.4582980602273662,748,51
M4,16,1.5079877515664797,1.1882170041554594,0.6727199383074958,889,64
M1,15,2.027960162415048,1.101422321217239,0.6301501991038371,703,61
M2,15,1.5640415194627082,1.0760244618897792,0.1086466622502009,655,56
M3,16,1.198043265868101,1.3941991656213746,0.6654610910093615,600,52
M4,15,2.44724723742861,0.8236319500770348,0.17051581413018127,783,60
M1,17,2.352547031609319,1.4550621264797439,0.20472077753063028,850,56
M2,17,1.2097048123914276,1.3079147112619705,0.3703321871443034,719,53
M3,17,1.5862561325221494,1.4792332717630705,0.6280707090310507,722,55
M4,15,2.0280714715329005,1.2851523505081053,0.4656304646093292,631,53
M1,17,2.1379035587359265,0.9315140810677057,0.12020294962256683,610,60
M2,16,1.0096191216563073,1.0058772090991246,0.44862770192594437,743,57
M3,16,1.024938836689529,0.934349515879317,0.429148833352197,830,51
M4,15,1.2684469687066149,0.7149518621885168,0.5285667029420058,719,62
M1,16,1.885300946017081,1.4160963641211668,0.27048382770683743,703,61
M2,15,1.686902553522322,0.6858695299307834,0.1590960027941052,637,63
M3,17,2.3102294788496027,1.4647565394415585,0.5730286536651872,628,61
M4,16,2.2867311705972284,0.5438544698434635,0.4789163536094204,812,63
M1,16,1.6424824052498543,1.1365346809135892,0.6354419082957988,772,52
M2,17,2.2813814195371407,1.273019725022079,0.3222183078791919,794,51
M3,17,1.4174068657233647,0.5201828047582094,0.5561370034109123,811,51
M4,15,1.0413382010722354,1.1482461823815744,0.27367454275952385,654,56
M1,16,2.2773567770079755,1.383244795882332,0.5475694472267091,899,52
M2,17,1.1120928084232655,1.3101621615966499,0.681323129563966,805,57
M3,17,2.488887849910844,1.2610525199749993,0.5491863601393412,607,60
M4,17,2.156611029230104,0.8275995497561428,0.2902133371192277,818,57
M1,16,2.1871179118978885,0.7722469572498285,0.2023266938027405,647,60
M2,15,1.4629657024396312,1.3875680992591386,0.6779210884459963,651,53
M3,16,2.254942743411913,1.053173042601215,0.345475104797073,730,57
M4,17,1.0788172342414768,1.4673684161123597,0.13223389872941363,808,55
M1,16,1.3561591182294723,1.475300684725695,0.6912925507836643,772,58
M2,15,2.0981874831813423,1.3048873831474372,0.6976674351449261,819,59
M3,15,1.873151042281777,0.6702733126026585,0.3257054204505688,798,55
M4,17,1.6389111027914092,1.0037599694914103,0.17912286136530758,735,60
M1,17,2.305151290524372,0.6552600378732831,0.5122714875881288,781,51
M2,17,1.195709267687274,0.9273894933800408,0.1410543251018737,822,53
M3,17,1.785621820375919,0.5763652665704309,0.4179317537028723,708,63
M4,15,1.3527761063285237,0.7455734452112877,0.2668176561775409,826,58
M1,15,2.255554536205181,1.3799321885325426,0.6045309615268516,768,53
M2,16,1.0405112733893263,0.5925978156372681,0.5039153895976578,735,51
M3,15,1.1174885921105193,1.4249465268784838,0.45262750798152973,804,64
M4,17,1.3260663869115745,0.649961482102015,0.5262239117208717,621,58
M1,17,1.4257156864286449,0.9533747745134991,0.273281732423753,725,52
M2,16,1.3220151984777027,0.7528943394202435,0.2605801174045349,733,64
M3,17,1.7890886508528006,0.6431475488880709,0.29394676876944215,620,61
M4,17,2.0154256993115864,0.6688140386161725,0.36344065268340287,888,64
M1,17,2.320836123249078,1.0967622481147101,0.11929943875634946,607,56
M2,17,1.7079346753866127,0.5589688651434879,0.5922290825057219,738,50
M3,15,1.061527775369563,0.8694925410689682,0.20729592121734314,869,64
M4,16,1.4971563092759304,0.8378926202174783,0.2999275098478585,815,57
M1,16,1.3146482484279147,1.4739336268460803,0.6639179443608295,768,52
M2,16,1.3726411468456354,1.074476580016724,0.31504842796709087,657,57
M3,17,2.1866724247404132,1.2122811294378266,0.6668387457309776,790,64
M4,15,1.1029542341839993,0.9275088582348987,0.29044823526960734,613,59
M1,17,2.4640084265655684,0.9457932164873959,0.28382216944457006,720,58
M2,15,1.5225883054440992,0.5978835719957134,0.5689283217520527,883,51
M3,16,1.7796523685823264,1.3711465595256769,0.43454305845190166,875,64
M4,17,2.1419235973456368,0.9752086118003244,0.3807502266348761,603,59
M1,15,1.8568178775804167,1.4134711991958844,0.27371076633819624,886,62
M2,17,1.2109148755898869,0.9291965397584749,0.5530243213500015,855,54
M3,15,1.6623148804771328,0.9453166493446777,0.6671119102256354,696,55
M4,16,2.1090653214200676,0.5578083553877695,0.5715676717954224,725,62
M1,15,1.6373592790590437,0.5942919785363997,0.25918522359311047,845,50
M2,16,1.5821827670022128,1.252702026516769,0.5080879904303269,602,58
M3,17,1.4018057839526414,1.0055161955308196,0.15105192162170714,731,54
M4,15,1.790615479109123,1.2830595297362595,0.5447801479649361,600,61
M1,16,1.6693043423355252,0.8324848464438278,0.6367971142154255,640,57
M2,15,2.1893001058578223,1.3886483885505272,0.6696356249411957,658,56
M3,16,1.8829296244761955,0.8684197226401285,0.49893012304222384,713,52
M4,17,1.2129569176591541,1.3459932172695237,0.10183677701816472,679,64
M1,16,1.214517082599564,0.894157396563341,0.3513486975894071,759,64
M2,17,1.5535201298566321,0.7774203496829619,0.21514453985036214,775,52
M3,17,1.957838237361138,1.2584427803487959,0.24983695073645462,617,50
M4,16,2.1401023007556987,0.7717059936688817,0.5824516975170619,863,52
M1,15,1.8689630524603413,1.296541804996954,0.6351050681146462,846,50
M2,17,1.72059583505364,1.305783134722605,0.6799655193462046,804,53
M3,16,2.016464743562884,1.4800953042125424,0.3960501623458045,694,63
M4,16,1.4541481685832696,0.6008863332953325,0.657232861510874,637,54
M1,17,1.8413435938671263,0.617001902474071,0.3089679845955252,790,60
M2,17,2.007798057618847,0.9410153684403997,0.4029772336198366,619,60
M3,16,2.441575449699517,0.6514244396582409,0.38384291364387024,676,64
M4,16,2.225915226774651,1.2769707142441424,0.4021707333044562,891,59
M1,15,2.1312248598588424,1.23179023650011,0.47952366971058114,767,62
M2,17,1.557419270338331,0.9015193991973853,0.4746431265319425,819,51
M3,17,2.1346321405374677,0.5485872787960949,0.560662811659152,714,50
M4,17,2.059386406110692,0.7664711373542039,0.4641767691478397,847,59
M1,16,2.1713710391457726,0.9194506975369475,0.21847806354634744,818,51
M2,17,1.6387199153913061,0.6587180446584116,0.47124788269827433,662,53
M3,17,1.4058267195102254,1.1797468580710766,0.4688859689753152,726,54
M4,15,2.276766620940209,1.4406551080348526,0.20531529430824186,808,55
M1,17,1.8661519498245025,0.6326865739514139,0.21334141240692725,651,60
M2,15,1.5261147270866484,1.2916300762313715,0.12260054600237809,746,62
M3,17,1.8262936014321796,0.9206490795255144,0.2057513401434145,768,58
M4,17,1.5909128885964228,1.4436847220312632,0.20917751580716148,684,64
M1,16,1.1768307463083505,1.4188336196008484,0.43596409593902063,685,60
M2,17,2.435072358564466,1.0137718991744014,0.45359706657970356,809,61
M3,15,2.49431453168297,0.9564007583648053,0.505498218536012,683,57
M4,16,2.4195036752957475,1.2395471305048447,0.47710885964144656,629,53
M1,16,2.382446630887672,0.7290877313272477,0.525034346980437,623,58
M2,15,2.425670855219325,0.8573808007629782,0.1401481848228855,798,60
M3,15,1.5771501162378398,0.5492282325169119,0.18392823255674787,878,50
M4,16,1.2138305516276489,1.1439258922846889,0.6029729224478287,758,56
M1,16,1.2881524387088976,0.753057294583701,0.21566242378086067,775,55
M2,16,1.36958458617258,1.1833527242519097,0.15204074406749768,794,61
M3,17,1.7793941555240014,1.3148813357740186,0.3261169914931861,652,58
M4,16,2.380990457009852,0.5674319071110466,0.10562239411986395,754,60
M1,15,1.0802928879301785,0.8848546787266423,0.6084505458342444,614,63
M2,16,2.397851034585358,1.4570877512072498,0.5429524125599371,637,56
M3,16,1.3254552072966448,0.6223330305328438,0.4068691492431693,603,54
M4,17,1.9932694370930184,1.4916760919230079,0.342890630984545,788,62
M1,15,2.2217112394486023,0.8991651214097203,0.2979530868181725,750,56
M2,16,1.12630002382978,0.9265178896444441,0.3597230142163139,657,58
M3,17,2.3853232079003828,0.7838341117251904,0.503108785463312,830,52
M4,17,2.1176256148787216,1.2748076408835427,0.4420747497417201,762,54
M1,16,1.0640213949089876,1.4563166181083584,0.22513306575748143,606,55
M2,16,1.2746101159170031,0.6499672867764633,0.5346683683853974,800,53
M3,17,1.1330814560607294,1.052456259430616,0.6455847602610757,807,51
M4,15,1.069171867204803,1.0713131004138021,0.5756165657252894,894,64
M1,16,1.6195024724308105,1.4347511928331809,0.3088366551966397,784,61
M2,17,1.331181997051035,1.4421042542824307,0.1329316804504222,856,63
M3,15,1.4968695228076465,1.3113561715237285,0.6850152532376692,686,57
M4,17,1.3045786551158254,0.9339447565404428,0.5697841214883614,732,56
M1,15,1.0359390274352007,1.218734597052786,0.4821781944462874,817,59
M2,15,2.161295565678084,0.760593568849923,0.2012355184901467,714,57
M3,15,1.3775137517976588,0.5025801196653453,0.6443805585165128,883,56
M4,17,2.0197099673793577,1.2707440592205592,0.6328823852389434,607,64
M1,16,1.9233792739842936,0.5372291471519489,0.19789067300149035,779,58
M2,15,2.2378705909917294,0.758224557801313,0.6126482814742544,856,62
M3,16,1.5933708750698135,0.860170161438512,0.19335154674125232,619,58
M4,16,1.4051745061741514,0.7026721329863367,0.19956818277811353,778,64
M1,15,1.8363784762395106,1.0836503196426552,0.3507470857053592,734,61
M2,17,1.0525856287125583,0.956224392504152,0.31011381737891214,745,52
M3,17,1.3913245764116122,0.548315108516234,0.6557102288953017,733,54
M4,17,1.7100247941650408,0.6482305016636268,0.5473268297790499,669,53
M1,15,1.8433615349294825,1.0450908621480255,0.20094766844894357,706,51
M2,16,1.8257109184035691,1.3081299476191401,0.4277893344302559,892,61
M3,15,1.4022668536265153,0.7147419188485075,0.20214737838068592,826,56
M4,16,2.4397997452755433,1.0005834531998947,0.431029124110746,601,57
M1,16,1.1314528117021405,1.2878015949515806,0.3733105248249875,796,50
M2,15,1.9232667892325608,1.2595819938111563,0.580637970809513,844,64
M3,15,2.005830121091197,1.229094811134118,0.21568887252058455,853,64
M4,16,1.733658086160024,1.2580679953016989,0.267272994979526,734,55
M1,15,1.052756197227558,1.023340136359551,0.3536585473195879,758,64
M2,16,2.1023788406899895,1.0646509238270259,0.6247970750299394,773,63
M3,15,1.9149296488319456,1.4168351288934078,0.6158810432052393,856,50
M4,15,2.418551792601489,1.32060642766496,0.36751204770900103,616,57
M1,17,1.7602470700899278,1.4418221310485142,0.3346540143465834,658,61
M2,17,1.834836538833781,0.5546869453602669,0.23008192612346406,860,63
M3,16,1.5902640550257818,1.4192693913870407,0.6646583818796288,652,63
M4,16,1.8720123976025185,0.6534843709911812,0.5016033237653994,803,57
M1,16,1.0946566137279858,1.12460958605855,0.3235308639901229,605,57
M2,16,2.340770586826707,1.0343806666541338,0.1079542261214641,748,62
M3,16,1.5818695137948011,1.0273355621934077,0.3299485459797846,671,50
M4,17,1.2397891522386326,1.3621233391751333,0.5410741366575689,842,57
M1,16,1.1327899378644493,1.0731908711900449,0.6158714742684746,835,57
M2,15,2.2011399756534784,1.0367444449825887,0.5855309643379666,715,56
M3,17,1.2144607737919948,1.3079130238420005,0.12309186761681346,631,52
M4,16,1.6732142922735076,1.3463925466854145,0.6922872233224551,718,57
M1,16,1.4909559357439501,0.8130138857031785,0.6233521207448093,824,50
M2,17,1.0214054970054902,1.1942735244647174,0.27504826424614703,671,58
M3,15,1.5514690156736837,0.7491291508334444,0.37119463881923476,690,63
M4,16,1.4231573365685182,0.5186395556417305,0.4642055765399278,872,50
M1,15,1.5792568277247818,1.116745970877243,0.33338353533687415,645,63
M2,17,1.7727347148757604,1.2219097761256212,0.12718803091133668,798,63
M3,15,2.0884814363209188,0.8097358794645828,0.21647389892493812,779,59
M4,15,1.4448766966617215,0.8663410697101853,0.5089553773160467,721,61
M1,17,1.3884847339490285,1.4762228819370067,0.38795429930074976,846,56
M2,16,1.2023219988615472,1.3770265275592841,0.28444786348715134,788,64
M3,15,1.4992224235835536,1.41806945613119,0.22266805708351664,724,52
M4,17,2.070687195037891,1.2194980896627294,0.21356638252502785,854,58
M1,15,2.271682535138231,0.877989664479255,0.315629268055016,691,61
M2,16,1.6868725010297032,1.4724138438937922,0.4377905681530655,634,64
M3,15,2.232888809291936,1.2359807617740237,0.3152656998464769,645,60
M4,17,1.9365415755229576,0.9123303585249922,0.3869727411009657,829,61
M1,15,1.4633868739276843,0.866964552091226,0.40782425118458465,728,59
M2,17,2.093026150430257,1.42132110916223,0.30309507562327315,849,62
M3,15,1.9288912169713772,0.5208727806066941,0.678500322548267,895,61
M4,16,1.9044213194992818,1.440186050365387,0.11954028148881557,628,53
M1,17,1.8497409375195666,0.7697105976426679,0.15970015462335974,873,63
M2,16,1.461139004181808,1.1547318253469214,0.5822152573088583,684,53
M3,16,2.1751981697809826,0.5727557235435692,0.24114748577280068,671,50
M4,15,2.2764850400708676,1.1701594443132821,0.27887969878130797,623,53
M1,17,1.8004480965243583,1.3895688377053514,0.3522938166848931,625,62
M2,16,1.7461885950872922,0.9108734214419157,0.12891206077769937,705,57
M3,17,2.350427541397188,1.0196453310495974,0.5146865120415272,645,51
M4,17,1.672637018319512,0.7338948299947023,0.10850528386200241,798,61
M1,15,1.7420091101760546,1.0031115098798267,0.16079001554500125,753,51
M2,17,1.9736076374718554,0.7744948831411297,0.6151766762163033,712,61
M3,17,1.896917147514344,1.1133197197543616,0.18078379221448554,872,64
M4,16,2.0906270602878156,0.6408240069173791,0.16849000769714845,861,61
M1,15,1.7394194513393653,0.5548029084843722,0.463729815168747,619,64
M2,15,1.0396989263769152,1.4830791404015695,0.3651374904893977,758,52
M3,16,2.4098848111836952,1.120270927314847,0.5042679631088056,706,58
M4,16,1.0259246797105976,0.6489935870618792,0.4073984665635413,796,52
M1,15,2.1407595024766204,1.1205539060352618,0.15310269908780413,630,64
M2,17,1.1224344136068036,1.0209343772145139,0.15633592968806947,685,54
M3,15,2.1561637475025637,1.4830039214247983,0.3628455698047318,828,63
M4,17,1.0939748814658055,0.5443285614642253,0.20723231339588916,729,54
M1,15,2.0598040096344548,0.6872225276741183,0.24052579904239899,670,62
M2,17,1.4136048373628731,0.5106622002157581,0.13259972244515603,739,51
M3,15,1.2185480866132936,1.0570172956223396,0.5625929940301048,603,58
M4,16,1.2174202713699545,0.533217070373186,0.21940578114077833,853,53
M1,16,1.233292970463551,0.9420369496899845,0.385513955865441,862,52
M2,16,1.415953940695995,1.2980371507665605,0.3606367352674251,679,62
M3,17,1.1340005303155543,0.682989873728336,0.5399909284714015,717,64
M4,15,1.019195595102532,0.9746003099075983,0.11130737127810726,818,55
M1,16,1.0583775277343577,0.7483306043232674,0.4362435606642143,638,52
M2,17,1.005156812058024,1.0814097449121371,0.4540115054596896,889,57
M3,15,1.914096119389748,0.6676585118214262,0.5369185795473426,710,53
M4,16,2.0665962176197503,0.5542786249325866,0.27106816444070947,894,57
M1,15,2.142961432370952,1.3259474715330382,0.1456311552144069,681,55
M2,17,1.4833628597092037,0.820654706531225,0.16563417534810015,806,58
M3,16,1.850027042077056,1.477763250749826,0.5519371238122985,760,62
M4,17,1.1830415666364607,0.5994354565056071,0.2193073001029872,711,61
M1,16,1.493501483980349,0.5601228095771646,0.11072048625114038,806,63
M2,17,2.1758349795426213,0.6363646490002166,0.3840071263730733,803,63
M3,15,1.611530892283298,1.3667069487711194,0.5274452595922012,848,51
M4,16,1.3350285362381547,1.1999805796934235,0.17001026100731811,871,56
M1,17,2.4151574075630142,1.4234763702623319,0.2998588019042442,696,54
M2,16,2.466675234127646,0.6514905919789834,0.3834946623904567,617,51
M3,17,1.4196396696432383,0.6379832979829029,0.496376727175191,691,53
M4,16,1.0160293994570557,1.1967803799243895,0.6760837691217116,752,54
M1,16,2.0284262818744825,1.294051737014824,0.20996601327985775,675,52
M2,16,1.4437545176040452,0.7881363263180728,0.17286126582807473,652,62
M3,16,2.3511247434535223,0.6622950953472029,0.4963225164076248,827,59
M4,15,1.3676759156827987,1.4258230398691791,0.5882466150309852,605,62
M1,15,1.6005175543300418,0.6810533380262517,0.6266491372475269,668,61
M2,16,2.3884746641204018,0.6804707368063687,0.2902585458101847,710,56
M3,16,2.254865124649273,0.935717460746326,0.18597666519092304,847,52
M4,15,1.1157171291803603,1.1591620597074663,0.5847297842575382,791,63
M1,17,2.277936814162674,1.237659247865409,0.47826258641281627,837,53
M2,17,2.0154633280252017,1.1794830868447665,0.6875632637017711,867,54
M3,17,1.5009942112999102,0.8947758700344455,0.5787205952297154,898,62
M4,15,2.326032374965534,1.4093878595676257,0.1441237044301122,785,56
M1,16,2.204574121647459,0.7975019343035926,0.12574485474145874,849,50
M2,17,2.093291023834013,1.1648077509173282,0.33370624182146535,793,62
M3,15,1.451604091811642,1.123357747681869,0.40279539546954535,810,64
M4,16,1.6392400802943774,0.9087816907815451,0.35351604149091165,885,64
M1,17,2.093001763448195,1.3351056158769956,0.3893686123145613,630,64
M2,16,1.729547450539488,0.5883703285787864,0.6752152439832576,736,61
M3,16,1.7741474277300568,1.153543684217444,0.13240362658612465,631,55
M4,15,1.3273602512524505,0.9027046367977204,0.5407652338351271,851,59
M1,15,1.4737701550198412,1.276973891987029,0.6724447631455567,740,51
M2,17,2.317427831063159,0.5460693119592906,0.2173626852366702,820,52
M3,17,2.20674665696915,1.4862818304254821,0.5852318906150151,779,59
M4,16,1.2767747502758477,0.5511101648372768,0.3851733795310889,603,55
M1,16,1.5224949378854253,1.3088964105981464,0.3072398798869015,858,63
M2,17,2.296853056195714,1.1256916645173796,0.6570939599135536,670,51
M3,17,1.8524859806961904,1.035977315825202,0.2870429178372298,712,56
M4,15,2.07539955033828,1.0929073539170964,0.469500060239205,871,53
M1,16,1.5915587282001673,0.7655252145099853,0.6446605232465434,657,52
M2,16,1.2902933925091427,1.2674798897881832,0.5828161761011146,719,63
M3,15,2.367668035340115,1.4539608173718481,0.5198999756541454,679,64
M4,17,1.2741296264104507,0.8777349542225975,0.20010347667153297,898,62
M1,15,1.988138108472362,0.6271504317582817,0.25465811441121866,859,53
M2,16,2.2244088184542434,0.858462761917987,0.16784550189960346,795,59
M3,16,1.381712171925729,0.7585208643049954,0.40550163587012344,600,60
M4,15,1.9230286806243033,1.1120165345734474,0.34118693059620897,857,54
M1,15,1.1155172070240162,0.7276965747418658,0.3248851112672457,695,50
M2,15,2.2355950091993106,1.1894422381475933,0.23554624443684213,876,59
M3,15,1.090204112319031,1.0941004302444344,0.6493504593903539,681,57
M4,17,2.113038272001327,1.3207220704547802,0.5584883189306619,777,59
